,model,dataset,seed,bestmodel_train/F1_weighted,bestmodel_valid/F1_weighted,bestmodel_test/F1_weighted,CAE_neurons_ratio
0,cae,COIL20,1.0,1.0,0.9835720612424989,0.9704272964743739,1.0
1,cae,Isolet,1.0,0.9625307838403728,0.8280265761136079,0.8014136927957635,0.8000000000000002
2,cae,PBMC,1.0,0.8829272038495578,0.6673526414712766,0.680679205183895,0.1
3,cae,USPS,1.0,0.9309451743760303,0.9048305561283315,0.9047493013537453,1.0
4,cae,finance,1.0,0.6566002498843231,0.6114868378679703,0.5925636273454843,0.6999999999999998
5,cae,madelon,1.0,0.8739445227897681,0.7270679642892491,0.7018825620046325,1.0
6,cae,mice_protein,1.0,0.9626832108674882,0.8947428295690011,0.8534715708601622,0.6
7,cae,poly_binarised_decimalised_synth,1.0,0.44589859942762583,0.41961697471655285,0.4342217891288315,0.8000000000000002
