,model,dataset,seed,bestmodel_train/F1_weighted,bestmodel_valid/F1_weighted,bestmodel_test/F1_weighted,lasso_C,lasso_l1_ratio
0,lasso,COIL20,1.0,1.0,0.9825514861048168,0.9824133811230583,10.0,0.5
1,lasso,Isolet,1.0,1.0,0.9479415827576364,0.9458320998956452,100.0,0.25
2,lasso,PBMC,1.0,1.0,0.8736143561015807,0.8924585255357704,10.0,0.0
3,lasso,USPS,1.0,0.9949831852357894,0.9344240744617243,0.9335776492949797,10.0,0.75
4,lasso,finance,1.0,0.6703576393483018,0.595040411881367,0.5977766698217516,10.0,0.5
5,lasso,madelon,1.0,0.8038303545157318,0.5480752517575879,0.5153200869938306,10.0,0.0
6,lasso,mice_protein,1.0,0.9881559468096318,0.9645131294916179,0.952400704789745,100.0,0.0
7,lasso,poly_binarised_decimalised_synth,1.0,0.5255064527815908,0.5026932678372819,0.48324153472036097,100.0,0.5
