,model,dataset,seed,bestmodel_train/F1_weighted,bestmodel_valid/F1_weighted,bestmodel_test/F1_weighted,lr,num_hidden
0,MLP_same_capacity,COIL20,1.0,1.0,0.9929984071556145,0.9883108722318087,0.001,1.0
1,MLP_same_capacity,Isolet,1.0,0.9992552748409181,0.9449652230588684,0.9348087605445466,0.001,2.0
2,MLP_same_capacity,PBMC,1.0,0.9993489806919836,0.8989145773671222,0.8941907261357862,0.001,4.0
3,MLP_same_capacity,USPS,1.0,0.9901365722299834,0.9696877714116344,0.9677684940794037,0.001,1.0
4,MLP_same_capacity,finance,1.0,0.6109602240256425,0.570506540958834,0.570214103023534,0.001,2.0
5,MLP_same_capacity,madelon,1.0,0.8191991844892789,0.5932805182240478,0.5717568968814576,0.001,1.0
6,MLP_same_capacity,mice_protein,1.0,0.9994791056100452,0.9922537023588279,0.9830142623533162,0.0001,1.0
7,MLP_same_capacity,poly_binarised_decimalised_synth,1.0,0.527624223433569,0.5036803360030694,0.4721016681664128,0.0001,2.0
