,model,dataset,seed,bestmodel_train/F1_weighted,bestmodel_valid/F1_weighted,bestmodel_test/F1_weighted,rf_max_depth
0,rf,COIL20,1.0,0.9863274250139578,0.9700853212047365,0.9675608950228608,7.0
1,rf,Isolet,1.0,0.984741771116623,0.9215236629673642,0.9009261596116742,7.0
3,rf,PBMC,1.0,0.9373957849380544,0.8698538590422503,0.8865921317542229,7.0
4,rf,USPS,1.0,0.9577548862594152,0.9404272312015636,0.9336338955079808,7.0
5,rf,finance,1.0,0.8777607890442499,0.6007024739755763,0.6194562536722134,7.0
7,rf,madelon,1.0,0.9957692250269584,0.6930685087414677,0.6719013175306962,7.0
8,rf,mice_protein,1.0,0.9998070325696136,0.9629062614326358,0.9698028159327852,7.0
9,rf,poly_binarised_decimalised_synth,1.0,0.7424734606384411,0.5063075205740744,0.5057661624713328,7.0
