,model,dataset,seed,bestmodel_train/F1_weighted,bestmodel_valid/F1_weighted,bestmodel_test/F1_weighted,CAE_neurons_ratio
0,supervised_cae,COIL20,1.0,0.05428091015435049,0.05893121511229385,0.06463712403389806,0.10000000000000002
1,supervised_cae,Isolet,1.0,0.04015844648856277,0.039759595710086144,0.036833214295840556,0.20000000000000004
2,supervised_cae,PBMC,0.0,0.8303782987339097,0.8323407917383822,0.8536630996033824,0.1
3,supervised_cae,USPS,1.0,0.20728661856446975,0.2124802437060147,0.20901776747622983,0.10000000000000002
4,supervised_cae,finance,1.0,0.5375259738342119,0.5471393097500089,0.5444343218015805,0.6
5,supervised_cae,madelon,1.0,0.6108806076488996,0.6243051981436835,0.6184273576202006,1.0
6,supervised_cae,mice_protein,1.0,0.19126144262501488,0.16753221931057127,0.17239433568286977,1.0
7,supervised_cae,poly_binarised_decimalised_synth,1.0,0.36852863031322564,0.36887147972531276,0.36929731537105787,0.3
