,model,dataset,seed,bestmodel_train/F1_weighted,bestmodel_valid/F1_weighted,bestmodel_test/F1_weighted,lr,num_hidden
0,SEFS,COIL20,1.0,0.9796435008557713,0.9636784897935146,0.9497012085837927,0.0030000000000000005,1.0
1,SEFS,Isolet,1.0,0.9761735570500626,0.8822638630876819,0.886111077672382,0.0030000000000000005,1.0
2,SEFS,PBMC,1.0,0.963812594418514,0.8380934744550607,0.8316855995127264,0.0030000000000000005,4.0
3,SEFS,USPS,1.0,0.9382924735870151,0.9357313711831571,0.9254404441864451,0.0030000000000000005,1.0
4,SEFS,finance,1.0,0.615140616634058,0.580250544298812,0.5992709516390087,0.0030000000000000005,2.0
5,SEFS,madelon,1.0,0.7617231611703376,0.6420042693123037,0.6522835666400911,0.0030000000000000005,2.0
6,SEFS,mice_protein,1.0,0.9043356762121387,0.8602117056457952,0.8507776911727504,0.0030000000000000005,1.0
7,SEFS,poly_binarised_decimalised_synth,1.0,0.3742138082876785,0.36282600622035793,0.3667276479479575,0.0030000000000000005,1.0
